labels,laserpower,source,age_day_staging,age_four_hour_staging
16.03.17.1.1,100,Crawling /afs,NaN,NaN
16.03.17.1.2,100,Crawling /afs,NaN,NaN
16.03.17.1.3,100,Crawling /afs,NaN,NaN
16.03.17.2.1,100,Crawling /afs,NaN,NaN
16.03.17.2.2,100,Crawling /afs,NaN,NaN
16.03.17.2.3,100,Crawling /afs,NaN,NaN
16.03.17.2.4,100,Crawling /afs,NaN,NaN
16.03.17.3.1,100,Crawling /afs,NaN,NaN
16.03.17.3.2,100,Crawling /afs,NaN,NaN
16.03.17.3.3,100,Crawling /afs,NaN,NaN
16.03.17.3.4,100,Crawling /afs,NaN,NaN
16.03.17.4.1,100,Crawling /afs,NaN,NaN
16.03.17.4.2,100,Crawling /afs,NaN,NaN
16.03.17.5.1,100,Crawling /afs,NaN,NaN
16.03.17.5.2,100,Crawling /afs,NaN,NaN
16.03.17.5.3,100,Crawling /afs,NaN,NaN
16.03.17.6.1,100,Crawling /afs,NaN,NaN
16.03.18.1.1,100,Crawling /afs,NaN,NaN
16.03.20.1.1,100,Crawling /afs,NaN,NaN
16.03.20.1.2,100,Crawling /afs,NaN,NaN
16.03.20.1.3,100,Crawling /afs,NaN,NaN
16.03.20.1.4,100,Crawling /afs,NaN,NaN
16.03.20.2.1,100,Crawling /afs,NaN,NaN
16.03.20.2.2,100,Crawling /afs,NaN,NaN
16.03.20.2.3,100,Crawling /afs,NaN,NaN
16.03.20.2.4,100,Crawling /afs,NaN,NaN
16.03.20.3.1,100,Crawling /afs,NaN,NaN
16.03.20.3.2,100,Crawling /afs,NaN,NaN
16.03.20.3.3,100,Crawling /afs,NaN,NaN
16.03.20.3.4,100,Crawling /afs,NaN,NaN
16.03.20.4.1,100,Crawling /afs,NaN,NaN
16.03.20.4.2,100,Crawling /afs,NaN,NaN
16.03.20.4.3,100,Crawling /afs,NaN,NaN
16.03.20.4.4,100,Crawling /afs,NaN,NaN
16.03.20.4.5,100,Crawling /afs,NaN,NaN
16.03.21.1.1,100,Crawling /afs,NaN,NaN
16.03.21.1.2,100,Crawling /afs,NaN,NaN
16.03.21.1.3,100,Crawling /afs,NaN,NaN
16.03.21.2.1,100,Crawling /afs,NaN,NaN
16.03.21.2.2,100,Crawling /afs,NaN,NaN
16.03.21.2.3,100,Crawling /afs,NaN,NaN
16.03.21.2.4,100,Crawling /afs,NaN,NaN
16.03.21.2.5,100,Crawling /afs,NaN,NaN
16.03.21.3.1,100,Crawling /afs,NaN,NaN
16.03.21.3.2,100,Crawling /afs,NaN,NaN
16.03.21.3.3,100,Crawling /afs,NaN,NaN
16.03.21.4.1,100,Crawling /afs,NaN,NaN
16.03.21.4.2,100,Crawling /afs,NaN,NaN
16.03.21.5.1,100,Crawling /afs,NaN,NaN
16.03.21.5.2,100,Crawling /afs,NaN,NaN
16.03.21.5.3,100,Crawling /afs,NaN,NaN
16.03.21.5.4,100,Crawling /afs,NaN,NaN
16.03.21.6.1,100,Crawling /afs,NaN,NaN
16.03.21.6.2,100,Crawling /afs,NaN,NaN
16.03.28.1.1,44,Crawling /afs,NaN,NaN
16.03.28.1.2,44,Crawling /afs,NaN,NaN
16.03.28.1.3,44,Crawling /afs,NaN,NaN
16.03.28.1.4,44,Crawling /afs,NaN,NaN
16.03.28.2.1,44,Crawling /afs,NaN,NaN
16.03.28.2.2,44,Crawling /afs,NaN,NaN
16.03.28.2.3,44,Crawling /afs,NaN,NaN
16.03.28.2.4,44,Crawling /afs,NaN,NaN
16.03.28.3.1,44,Crawling /afs,NaN,NaN
16.03.28.3.2,44,Crawling /afs,NaN,NaN
16.03.28.3.3,44,Crawling /afs,NaN,NaN
16.03.28.3.4,44,Crawling /afs,NaN,NaN
16.03.28.3.5,44,Crawling /afs,NaN,NaN
16.03.28.4.1,44,Crawling /afs,NaN,NaN
16.03.28.4.2,44,Crawling /afs,NaN,NaN
16.03.28.4.3,44,Crawling /afs,NaN,NaN
16.03.28.4.4,44,Crawling /afs,NaN,NaN
16.03.28.4.5,44,Crawling /afs,NaN,NaN
16.03.28.5.1,44,Crawling /afs,NaN,NaN
16.03.28.5.2,44,Crawling /afs,NaN,NaN
16.03.28.5.3,44,Crawling /afs,NaN,NaN
16.03.28.5.4,44,Crawling /afs,NaN,NaN
16.03.29.1.1,44,Crawling /afs,NaN,NaN
16.03.29.1.2,44,Crawling /afs,NaN,NaN
16.03.29.1.3,44,Crawling /afs,NaN,NaN
16.03.29.1.4,44,Crawling /afs,NaN,NaN
16.03.29.2.1,44,Crawling /afs,NaN,NaN
16.03.29.2.2,44,Crawling /afs,NaN,NaN
16.03.29.2.3,44,Crawling /afs,NaN,NaN
16.03.29.2.4,44,Crawling /afs,NaN,NaN
16.03.29.3.1,44,Crawling /afs,NaN,NaN
16.03.29.3.2,44,Crawling /afs,NaN,NaN
16.03.29.3.3,44,Crawling /afs,NaN,NaN
16.03.29.3.4,44,Crawling /afs,NaN,NaN
16.03.31.1.1,44,Crawling /afs,NaN,NaN
16.03.31.1.2,44,Crawling /afs,NaN,NaN
16.03.31.1.3,44,Crawling /afs,NaN,NaN
16.03.31.1.4,44,Crawling /afs,NaN,NaN
16.03.31.1.5,44,Crawling /afs,NaN,NaN
16.03.31.2.1,44,Crawling /afs,NaN,NaN
16.03.31.2.2,44,Crawling /afs,NaN,NaN
16.03.31.2.3,44,Crawling /afs,NaN,NaN
16.03.31.2.4,44,Crawling /afs,NaN,NaN
16.03.31.2.5,44,Crawling /afs,NaN,NaN
16.03.31.3.1,44,Crawling /afs,NaN,NaN
16.03.31.3.2,44,Crawling /afs,NaN,NaN
16.03.31.3.3,44,Crawling /afs,NaN,NaN
16.03.31.3.4,44,Crawling /afs,NaN,NaN
16.03.31.3.5,44,Crawling /afs,NaN,NaN
16.03.31.4.1,44,Crawling /afs,NaN,NaN
16.03.31.4.2,44,Crawling /afs,NaN,NaN
16.03.31.4.3,44,Crawling /afs,NaN,NaN
16.03.31.5.1,44,Crawling /afs,NaN,NaN
16.03.31.5.2,44,Crawling /afs,NaN,NaN
16.03.31.5.3,44,Crawling /afs,NaN,NaN
16.03.31.5.4,44,Crawling /afs,NaN,NaN
16.03.31.6.1,44,Crawling /afs,NaN,NaN
16.03.31.6.2,44,Crawling /afs,NaN,NaN
16.03.31.6.3,44,Crawling /afs,NaN,NaN
16.03.31.6.4,44,Crawling /afs,NaN,NaN
16.03.31.6.5,44,Crawling /afs,NaN,NaN
16.04.01.1.1,44,Crawling /afs,NaN,NaN
16.04.01.1.2,44,Crawling /afs,NaN,NaN
16.04.01.1.3,44,Crawling /afs,NaN,NaN
16.04.01.1.4,44,Crawling /afs,NaN,NaN
16.04.01.2.1,44,Crawling /afs,NaN,NaN
16.04.01.2.2,44,Crawling /afs,NaN,NaN
16.04.01.2.3,44,Crawling /afs,NaN,NaN
16.04.01.2.4,44,Crawling /afs,NaN,NaN
16.04.01.2.5,44,Crawling /afs,NaN,NaN
16.04.02.1.1,44,Crawling /afs,NaN,NaN
16.04.02.1.2,44,Crawling /afs,NaN,NaN
16.04.02.1.3,44,Crawling /afs,NaN,NaN
16.04.02.2.1,44,Crawling /afs,NaN,NaN
16.04.02.2.2,44,Crawling /afs,NaN,NaN
16.04.02.2.3,44,Crawling /afs,NaN,NaN
16.04.02.2.4,44,Crawling /afs,NaN,NaN
16.04.02.2.5,44,Crawling /afs,NaN,NaN
16.04.02.3.1,44,Crawling /afs,NaN,NaN
16.04.02.3.2,44,Crawling /afs,NaN,NaN
16.04.02.3.3,44,Crawling /afs,NaN,NaN
16.04.02.4.1,44,Crawling /afs,NaN,NaN
16.04.02.4.2,44,Crawling /afs,NaN,NaN
16.04.02.4.3,44,Crawling /afs,NaN,NaN
16.04.02.4.4,44,Crawling /afs,NaN,NaN
16.04.02.4.5,44,Crawling /afs,NaN,NaN
16.04.03.1.1,44,Crawling /afs,NaN,NaN
16.04.03.1.2,44,Crawling /afs,NaN,NaN
16.04.03.1.3,44,Crawling /afs,NaN,NaN
16.04.03.1.4,44,Crawling /afs,NaN,NaN
16.04.03.2.1,44,Crawling /afs,NaN,NaN
16.04.03.2.2,44,Crawling /afs,NaN,NaN
16.04.03.2.3,44,Crawling /afs,NaN,NaN
16.04.03.2.4,44,Crawling /afs,NaN,NaN
16.04.03.2.5,44,Crawling /afs,NaN,NaN
16.04.03.3.1,44,Crawling /afs,NaN,NaN
16.04.03.3.2,44,Crawling /afs,NaN,NaN
16.04.03.3.3,44,Crawling /afs,NaN,NaN
16.04.03.3.4,44,Crawling /afs,NaN,NaN
16.04.03.3.5,44,Crawling /afs,NaN,NaN
16.04.03.4.1,44,Crawling /afs,NaN,NaN
16.04.03.4.2,44,Crawling /afs,NaN,NaN
16.04.03.4.3,44,Crawling /afs,NaN,NaN
16.04.03.4.4,44,Crawling /afs,NaN,NaN
16.04.03.4.5,44,Crawling /afs,NaN,NaN
16.04.04.1.1,44,Crawling /afs,NaN,NaN
16.04.04.2.1,44,Crawling /afs,NaN,NaN
16.04.04.2.2,44,Crawling /afs,NaN,NaN
16.04.04.2.3,44,Crawling /afs,NaN,NaN
16.04.04.2.4,44,Crawling /afs,NaN,NaN
16.04.04.2.5,44,Crawling /afs,NaN,NaN
16.04.04.3.1,44,Crawling /afs,NaN,NaN
16.04.04.3.2,44,Crawling /afs,NaN,NaN
16.04.04.3.3,44,Crawling /afs,NaN,NaN
16.04.04.3.4,44,Crawling /afs,NaN,NaN
16.04.04.3.5,44,Crawling /afs,NaN,NaN
16.04.04.4.1,44,Crawling /afs,NaN,NaN
16.04.04.4.2,44,Crawling /afs,NaN,NaN
16.04.04.4.3,44,Crawling /afs,NaN,NaN
16.04.04.4.4,44,Crawling /afs,NaN,NaN
16.04.04.4.5,44,Crawling /afs,NaN,NaN
16.04.04.5.1,44,Crawling /afs,NaN,NaN
16.04.04.5.2,44,Crawling /afs,NaN,NaN
16.04.04.5.3,44,Crawling /afs,NaN,NaN
16.04.04.5.4,44,Crawling /afs,NaN,NaN
16.04.04.5.5,44,Crawling /afs,NaN,NaN
16.04.04.6.1,44,Crawling /afs,NaN,NaN
16.04.04.6.2,44,Crawling /afs,NaN,NaN
16.04.04.6.3,44,Crawling /afs,NaN,NaN
16.04.04.6.4,44,Crawling /afs,NaN,NaN
16.04.05.1.1,44,Crawling /afs,NaN,NaN
16.04.05.1.2,44,Crawling /afs,NaN,NaN
16.04.05.1.3,44,Crawling /afs,NaN,NaN
16.04.05.1.4,44,Crawling /afs,NaN,NaN
16.04.05.1.5,44,Crawling /afs,NaN,NaN
16.04.05.2.1,44,Crawling /afs,NaN,NaN
16.04.05.2.2,44,Crawling /afs,NaN,NaN
16.04.05.2.3,44,Crawling /afs,NaN,NaN
16.04.05.2.4,44,Crawling /afs,NaN,NaN
16.04.05.2.5,44,Crawling /afs,NaN,NaN
16.04.05.3.1,44,Crawling /afs,NaN,NaN
16.04.05.3.2,44,Crawling /afs,NaN,NaN
16.04.05.3.3,44,Crawling /afs,NaN,NaN
16.04.05.3.4,44,Crawling /afs,NaN,NaN
16.04.05.3.5,44,Crawling /afs,NaN,NaN
16.04.05.4.1,44,Crawling /afs,NaN,NaN
16.04.05.4.2,44,Crawling /afs,NaN,NaN
16.04.05.4.3,44,Crawling /afs,NaN,NaN
16.04.05.4.4,44,Crawling /afs,NaN,NaN
16.04.05.4.5,44,Crawling /afs,NaN,NaN
16.04.05.5.1,44,Crawling /afs,NaN,NaN
16.04.05.5.2,44,Crawling /afs,NaN,NaN
16.04.05.5.3,44,Crawling /afs,NaN,NaN
16.04.05.5.4,44,Crawling /afs,NaN,NaN
16.04.05.5.5,44,Crawling /afs,NaN,NaN
16.04.06.1.1,44,Crawling /afs,NaN,NaN
16.04.06.1.2,44,Crawling /afs,NaN,NaN
16.04.06.1.3,44,Crawling /afs,NaN,NaN
16.04.06.1.4,44,Crawling /afs,NaN,NaN
16.04.07.1.1,44,Crawling /afs,NaN,NaN
16.04.07.1.2,44,Crawling /afs,NaN,NaN
16.04.07.1.3,44,Crawling /afs,NaN,NaN
16.04.07.1.4,44,Crawling /afs,NaN,NaN
16.04.07.2.1,44,Crawling /afs,NaN,NaN
16.04.07.2.2,44,Crawling /afs,NaN,NaN
16.04.07.2.3,44,Crawling /afs,NaN,NaN
16.04.07.2.4,44,Crawling /afs,NaN,NaN
16.04.07.2.5,44,Crawling /afs,NaN,NaN
16.04.07.3.1,44,Crawling /afs,NaN,NaN
16.04.07.3.2,44,Crawling /afs,NaN,NaN
16.04.07.3.3,44,Crawling /afs,NaN,NaN
16.04.07.3.4,44,Crawling /afs,NaN,NaN
16.04.07.4.1,44,Crawling /afs,NaN,NaN
16.04.07.4.2,44,Crawling /afs,NaN,NaN
16.04.07.4.3,44,Crawling /afs,NaN,NaN
16.04.07.4.4,44,Crawling /afs,NaN,NaN
16.04.07.5.1,44,Crawling /afs,NaN,NaN
16.04.07.5.2,44,Crawling /afs,NaN,NaN
16.04.07.5.3,44,Crawling /afs,NaN,NaN
16.04.07.5.4,44,Crawling /afs,NaN,NaN
16.04.07.5.5,44,Crawling /afs,NaN,NaN
16.04.07.6.1,44,Crawling /afs,NaN,NaN
16.04.07.6.2,44,Crawling /afs,NaN,NaN
16.04.07.6.3,44,Crawling /afs,NaN,NaN
16.04.07.6.4,44,Crawling /afs,NaN,NaN
16.04.07.6.5,44,Crawling /afs,NaN,NaN
16.04.07.7.1,44,Crawling /afs,NaN,NaN
16.04.07.7.2,44,Crawling /afs,NaN,NaN
16.04.07.7.3,44,Crawling /afs,NaN,NaN
16.04.07.7.4,44,Crawling /afs,NaN,NaN
16.04.07.7.5,44,Crawling /afs,NaN,NaN
16.04.07.8.1,44,Crawling /afs,NaN,NaN
16.04.07.8.2,44,Crawling /afs,NaN,NaN
16.04.07.8.3,44,Crawling /afs,NaN,NaN
16.04.07.8.4,44,Crawling /afs,NaN,NaN
16.04.07.8.5,44,Crawling /afs,NaN,NaN
16.04.08.1.1,44,Crawling /afs,NaN,NaN
16.04.08.1.2,44,Crawling /afs,NaN,NaN
16.04.08.1.3,44,Crawling /afs,NaN,NaN
16.04.08.1.4,44,Crawling /afs,NaN,NaN
16.04.08.1.5,44,Crawling /afs,NaN,NaN
16.04.08.2.1,44,Crawling /afs,NaN,NaN
16.04.08.2.2,44,Crawling /afs,NaN,NaN
16.04.08.2.3,44,Crawling /afs,NaN,NaN
16.04.08.2.4,44,Crawling /afs,NaN,NaN
16.04.08.2.5,44,Crawling /afs,NaN,NaN
16.04.08.3.1,44,Crawling /afs,NaN,NaN
16.04.08.3.2,44,Crawling /afs,NaN,NaN
16.04.08.3.3,44,Crawling /afs,NaN,NaN
16.04.08.3.4,44,Crawling /afs,NaN,NaN
16.04.08.3.5,44,Crawling /afs,NaN,NaN
16.04.08.4.1,44,Crawling /afs,NaN,NaN
16.04.08.4.2,44,Crawling /afs,NaN,NaN
16.04.08.4.3,44,Crawling /afs,NaN,NaN
16.04.08.4.4,44,Crawling /afs,NaN,NaN
16.04.08.4.5,44,Crawling /afs,NaN,NaN
16.04.08.5.1,44,Crawling /afs,NaN,NaN
16.04.08.5.2,44,Crawling /afs,NaN,NaN
16.04.08.5.3,44,Crawling /afs,NaN,NaN
16.04.08.5.4,44,Crawling /afs,NaN,NaN
16.04.08.6.1,44,Crawling /afs,NaN,NaN
16.04.08.6.2,44,Crawling /afs,NaN,NaN
16.04.08.6.3,44,Crawling /afs,NaN,NaN
16.04.08.6.4,44,Crawling /afs,NaN,NaN
16.04.08.6.5,44,Crawling /afs,NaN,NaN
16.04.18.1.1,44,Crawling /afs,NaN,NaN
16.04.18.1.2,44,Crawling /afs,NaN,NaN
16.04.18.1.3,44,Crawling /afs,NaN,NaN
16.04.18.1.4,44,Crawling /afs,NaN,NaN
16.04.18.2.1,44,Crawling /afs,NaN,NaN
16.04.18.2.2,44,Crawling /afs,NaN,NaN
16.04.18.2.3,44,Crawling /afs,NaN,NaN
16.04.18.2.4,44,Crawling /afs,NaN,NaN
16.04.18.3.1,44,Crawling /afs,NaN,NaN
16.04.18.3.2,44,Crawling /afs,NaN,NaN
16.04.18.3.3,44,Crawling /afs,NaN,NaN
16.04.18.4.1,44,Crawling /afs,NaN,NaN
16.04.18.4.2,44,Crawling /afs,NaN,NaN
16.04.18.4.3,44,Crawling /afs,NaN,NaN
16.04.18.4.4,44,Crawling /afs,NaN,NaN
16.04.25.1.1,44,Crawling /afs,NaN,NaN
16.04.26.1.1,44,Crawling /afs,NaN,NaN
16.04.26.1.2,44,Crawling /afs,NaN,NaN
16.04.27.1.1,44,Crawling /afs,NaN,NaN
16.04.27.1.2,44,Crawling /afs,NaN,NaN
16.04.27.1.3,44,Crawling /afs,NaN,NaN
16.04.27.1.4,44,Crawling /afs,NaN,NaN
16.04.27.1.5,44,Crawling /afs,NaN,NaN
16.06.23.1.1,44,Crawling /afs,NaN,NaN
16.06.23.1.2,44,Crawling /afs,NaN,NaN
16.06.23.2.1,44,Crawling /afs,NaN,NaN
16.06.23.2.2,44,Crawling /afs,NaN,NaN
16.06.23.2.3,44,Crawling /afs,NaN,NaN
16.06.23.2.4,44,Crawling /afs,NaN,NaN
16.06.23.2.5,44,Crawling /afs,NaN,NaN
16.06.23.3.1,44,Crawling /afs,NaN,NaN
16.06.23.3.2,44,Crawling /afs,NaN,NaN
16.06.23.3.3,44,Crawling /afs,NaN,NaN
16.06.23.3.4,44,Crawling /afs,NaN,NaN
16.06.23.4.1,44,Crawling /afs,NaN,NaN
16.06.23.4.2,44,Crawling /afs,NaN,NaN
16.06.23.4.3,44,Crawling /afs,NaN,NaN
16.06.23.4.4,44,Crawling /afs,NaN,NaN
16.06.27.1.1,100,Crawling /afs,NaN,NaN
16.06.27.1.2,100,Crawling /afs,NaN,NaN
16.06.27.2.1,100,Crawling /afs,NaN,NaN
16.06.27.2.2,100,Crawling /afs,NaN,NaN
16.06.27.2.3,100,Crawling /afs,NaN,NaN
16.06.27.2.4,100,Crawling /afs,NaN,NaN
16.06.27.3.1,100,Crawling /afs,NaN,NaN
16.06.27.3.2,100,Crawling /afs,NaN,NaN
16.06.27.3.3,100,Crawling /afs,NaN,NaN
16.06.27.3.4,100,Crawling /afs,NaN,NaN
16.06.29.2.1,44,Crawling /afs,NaN,NaN
16.06.29.2.2,44,Crawling /afs,NaN,NaN
16.06.29.2.3,44,Crawling /afs,NaN,NaN
16.06.29.2.4,44,Crawling /afs,NaN,NaN
16.06.29.3.1,44,Crawling /afs,NaN,NaN
16.06.29.3.2,44,Crawling /afs,NaN,NaN
16.06.29.3.3,44,Crawling /afs,NaN,NaN
16.06.29.3.4,44,Crawling /afs,NaN,NaN
16.06.29.3.5,44,Crawling /afs,NaN,NaN
16.06.29.4.1,44,Crawling /afs,NaN,NaN
16.06.29.4.2,44,Crawling /afs,NaN,NaN
16.06.29.4.3,44,Crawling /afs,NaN,NaN
16.06.29.4.4,44,Crawling /afs,NaN,NaN
16.06.29.4.5,44,Crawling /afs,NaN,NaN
16.06.30.1.1,44,Crawling /afs,NaN,NaN
16.06.30.1.2,44,Crawling /afs,NaN,NaN
16.06.30.1.3,44,Crawling /afs,NaN,NaN
16.06.30.1.4,44,Crawling /afs,NaN,NaN
16.06.30.1.5,44,Crawling /afs,NaN,NaN
16.06.30.2.1,44,Crawling /afs,NaN,NaN
16.06.30.2.2,44,Crawling /afs,NaN,NaN
16.06.30.2.3,44,Crawling /afs,NaN,NaN
16.06.30.2.4,44,Crawling /afs,NaN,NaN
16.06.30.2.5,44,Crawling /afs,NaN,NaN
16.06.30.3.1,44,Crawling /afs,NaN,NaN
16.06.30.3.2,44,Crawling /afs,NaN,NaN
16.06.30.3.3,44,Crawling /afs,NaN,NaN
16.06.30.4.1,44,Crawling /afs,NaN,NaN
16.06.30.4.2,44,Crawling /afs,NaN,NaN
16.06.30.4.3,44,Crawling /afs,NaN,NaN
16.06.30.4.4,44,Crawling /afs,NaN,NaN
16.06.30.5.1,44,Crawling /afs,NaN,NaN
16.06.30.5.2,44,Crawling /afs,NaN,NaN
16.06.30.5.3,44,Crawling /afs,NaN,NaN
16.06.30.5.4,44,Crawling /afs,NaN,NaN
16.06.30.5.5,44,Crawling /afs,NaN,NaN
16.07.01.1.1,44,Crawling /afs,NaN,NaN
16.07.01.1.2,44,Crawling /afs,NaN,NaN
16.07.01.1.3,44,Crawling /afs,NaN,NaN
16.07.01.2.1,44,Crawling /afs,NaN,NaN
16.07.01.2.2,44,Crawling /afs,NaN,NaN
16.07.01.2.3,44,Crawling /afs,NaN,NaN
16.07.01.2.4,44,Crawling /afs,NaN,NaN
16.07.01.2.5,44,Crawling /afs,NaN,NaN
16.07.01.3.1,44,Crawling /afs,NaN,NaN
16.07.01.3.2,44,Crawling /afs,NaN,NaN
16.07.01.3.3,44,Crawling /afs,NaN,NaN
16.07.01.3.4,44,Crawling /afs,NaN,NaN
16.07.01.3.5,44,Crawling /afs,NaN,NaN
16.07.06.1.1,44,Crawling /afs,NaN,NaN
16.07.06.1.2,44,Crawling /afs,NaN,NaN
16.07.06.2.1,44,Crawling /afs,NaN,NaN
16.07.06.2.2,44,Crawling /afs,NaN,NaN
16.07.06.2.3,44,Crawling /afs,NaN,NaN
16.07.06.2.4,44,Crawling /afs,NaN,NaN
16.07.08.1.1,44,Crawling /afs,NaN,NaN
16.07.08.1.2,44,Crawling /afs,NaN,NaN
16.07.08.1.3,44,Crawling /afs,NaN,NaN
16.07.08.1.4,44,Crawling /afs,NaN,NaN
16.07.08.1.5,44,Crawling /afs,NaN,NaN
16.07.08.2.1,44,Crawling /afs,NaN,NaN
16.07.08.2.2,44,Crawling /afs,NaN,NaN
16.07.08.2.3,44,Crawling /afs,NaN,NaN
16.07.08.2.4,44,Crawling /afs,NaN,NaN
16.07.08.2.5,44,Crawling /afs,NaN,NaN
16.07.13.1.1,44,Crawling /afs,NaN,NaN
16.07.13.1.2,44,Crawling /afs,NaN,NaN
16.07.13.1.3,44,Crawling /afs,NaN,NaN
16.07.13.2.1,44,Crawling /afs,NaN,NaN
16.07.14.1.1,44,Crawling /afs,NaN,NaN
16.07.14.1.2,44,Crawling /afs,NaN,NaN
16.07.14.1.3,44,Crawling /afs,NaN,NaN
16.07.14.1.4,44,Crawling /afs,NaN,NaN
16.07.14.2.1,44,Crawling /afs,NaN,NaN
16.07.14.2.2,44,Crawling /afs,NaN,NaN
16.07.14.2.3,44,Crawling /afs,NaN,NaN
16.07.14.2.4,44,Crawling /afs,NaN,NaN
16.07.14.2.5,44,Crawling /afs,NaN,NaN
16.07.15.1.1,44,Crawling /afs,NaN,NaN
16.07.15.1.2,44,Crawling /afs,NaN,NaN
16.07.15.1.3,44,Crawling /afs,NaN,NaN
16.07.15.1.4,44,Crawling /afs,NaN,NaN
16.07.15.2.1,44,Crawling /afs,NaN,NaN
16.07.15.2.2,44,Crawling /afs,NaN,NaN
16.07.15.2.3,44,Crawling /afs,NaN,NaN
16.07.15.2.4,44,Crawling /afs,NaN,NaN
16.07.15.3.1,44,Crawling /afs,NaN,NaN
16.07.15.3.2,44,Crawling /afs,NaN,NaN
16.07.15.3.3,44,Crawling /afs,NaN,NaN
16.07.18.1.1,44,Crawling /afs,NaN,NaN
16.07.18.1.2,44,Crawling /afs,NaN,NaN
16.07.18.1.3,44,Crawling /afs,NaN,NaN
16.07.18.1.4,44,Crawling /afs,NaN,NaN
16.07.18.2.1,44,Crawling /afs,NaN,NaN
16.07.18.2.2,44,Crawling /afs,NaN,NaN
16.07.18.2.3,44,Crawling /afs,NaN,NaN
16.07.18.2.4,44,Crawling /afs,NaN,NaN
16.07.18.2.5,44,Crawling /afs,NaN,NaN
16.07.19.1.1,44,Crawling /afs,NaN,NaN
16.07.19.1.2,44,Crawling /afs,NaN,NaN
16.07.19.1.3,44,Crawling /afs,NaN,NaN
16.07.19.1.4,44,Crawling /afs,NaN,NaN
16.07.19.1.5,44,Crawling /afs,NaN,NaN
16.07.23.1.1,44,Crawling /afs,NaN,NaN
16.07.23.1.2,44,Crawling /afs,NaN,NaN
16.07.23.1.3,44,Crawling /afs,NaN,NaN
16.07.23.1.4,44,Crawling /afs,NaN,NaN
16.07.23.2.1,44,Crawling /afs,NaN,NaN
16.07.23.2.2,44,Crawling /afs,NaN,NaN
16.07.23.2.3,44,Crawling /afs,NaN,NaN
16.07.23.2.4,44,Crawling /afs,NaN,NaN
16.07.23.2.5,44,Crawling /afs,NaN,NaN
16.07.23.3.1,44,Crawling /afs,NaN,NaN
16.07.23.3.2,44,Crawling /afs,NaN,NaN
16.07.23.3.3,44,Crawling /afs,NaN,NaN
16.07.23.3.4,44,Crawling /afs,NaN,NaN
16.07.24.1.1,44,Crawling /afs,NaN,NaN
16.07.24.1.2,44,Crawling /afs,NaN,NaN
16.07.24.1.3,44,Crawling /afs,NaN,NaN
16.07.24.2.1,44,Crawling /afs,NaN,NaN
16.07.24.2.2,44,Crawling /afs,NaN,NaN
16.07.24.2.3,44,Crawling /afs,NaN,NaN
16.07.24.2.4,44,Crawling /afs,NaN,NaN
16.07.24.2.5,44,Crawling /afs,NaN,NaN
16.07.24.3.1,44,Crawling /afs,NaN,NaN
16.07.24.3.2,44,Crawling /afs,NaN,NaN
16.07.24.3.3,44,Crawling /afs,NaN,NaN
16.07.24.3.4,44,Crawling /afs,NaN,NaN
16.07.24.3.5,44,Crawling /afs,NaN,NaN
16.07.25.1.1,44,Crawling /afs,NaN,NaN
16.07.25.1.2,44,Crawling /afs,NaN,NaN
16.07.25.1.3,44,Crawling /afs,NaN,NaN
16.07.25.1.4,44,Crawling /afs,NaN,NaN
16.07.25.2.1,44,Crawling /afs,NaN,NaN
16.07.25.2.2,44,Crawling /afs,NaN,NaN
16.07.25.2.3,44,Crawling /afs,NaN,NaN
16.07.25.2.4,44,Crawling /afs,NaN,NaN
16.07.25.2.5,44,Crawling /afs,NaN,NaN
16.07.25.3.1,44,Crawling /afs,NaN,NaN
16.07.25.3.2,44,Crawling /afs,NaN,NaN
16.07.25.3.3,44,Crawling /afs,NaN,NaN
16.07.25.3.4,44,Crawling /afs,NaN,NaN
16.07.25.4.1,44,Crawling /afs,NaN,NaN
16.07.25.4.2,44,Crawling /afs,NaN,NaN
16.07.25.4.3,44,Crawling /afs,NaN,NaN
16.07.25.4.4,44,Crawling /afs,NaN,NaN
16.07.25.5.1,44,Crawling /afs,NaN,NaN
16.07.25.5.2,44,Crawling /afs,NaN,NaN
16.07.25.5.3,44,Crawling /afs,NaN,NaN
16.07.25.5.4,44,Crawling /afs,NaN,NaN
16.07.29.1.1,44,Crawling /afs,NaN,NaN
16.07.29.1.2,44,Crawling /afs,NaN,NaN
16.07.29.1.3,44,Crawling /afs,NaN,NaN
16.07.29.1.4,44,Crawling /afs,NaN,NaN
16.07.29.2.1,44,Crawling /afs,NaN,NaN
16.07.29.2.2,44,Crawling /afs,NaN,NaN
16.07.29.2.3,44,Crawling /afs,NaN,NaN
16.07.29.2.4,44,Crawling /afs,NaN,NaN
16.07.30.1.1,44,Crawling /afs,NaN,NaN
16.07.30.1.2,44,Crawling /afs,NaN,NaN
16.07.30.1.3,44,Crawling /afs,NaN,NaN
16.07.30.1.4,44,Crawling /afs,NaN,NaN
16.07.30.2.1,44,Crawling /afs,NaN,NaN
16.07.30.2.2,44,Crawling /afs,NaN,NaN
16.07.30.2.3,44,Crawling /afs,NaN,NaN
16.07.30.2.4,44,Crawling /afs,NaN,NaN
16.07.30.3.1,44,Crawling /afs,NaN,NaN
16.07.30.3.2,44,Crawling /afs,NaN,NaN
16.07.30.3.3,44,Crawling /afs,NaN,NaN
16.07.30.3.4,44,Crawling /afs,NaN,NaN
16.07.30.3.5,44,Crawling /afs,NaN,NaN
16.07.30.4.1,44,Crawling /afs,NaN,NaN
16.07.30.4.2,44,Crawling /afs,NaN,NaN
16.07.30.4.3,44,Crawling /afs,NaN,NaN
16.08.03.1.1,50,Crawling /afs,NaN,NaN
16.08.03.1.2,50,Crawling /afs,NaN,NaN
16.08.03.1.3,50,Crawling /afs,NaN,NaN
16.08.03.1.4,50,Crawling /afs,NaN,NaN
16.08.03.10.1,50,Crawling /afs,NaN,NaN
16.08.03.11.1,50,Crawling /afs,NaN,NaN
16.08.03.11.2,50,Crawling /afs,NaN,NaN
16.08.03.11.3,50,Crawling /afs,NaN,NaN
16.08.03.11.4,50,Crawling /afs,NaN,NaN
16.08.03.2.1,44,Crawling /afs,NaN,NaN
16.08.03.2.2,44,Crawling /afs,NaN,NaN
16.08.03.2.3,44,Crawling /afs,NaN,NaN
16.08.03.2.4,44,Crawling /afs,NaN,NaN
16.08.03.3.1,44,Crawling /afs,NaN,NaN
16.08.03.3.2,44,Crawling /afs,NaN,NaN
16.08.03.3.3,44,Crawling /afs,NaN,NaN
16.08.03.3.4,44,Crawling /afs,NaN,NaN
16.08.03.3.5,44,Crawling /afs,NaN,NaN
16.08.03.4.1,44,Crawling /afs,NaN,NaN
16.08.03.4.2,44,Crawling /afs,NaN,NaN
16.08.03.4.3,44,Crawling /afs,NaN,NaN
16.08.03.5.1,50,Crawling /afs,NaN,NaN
16.08.03.5.2,50,Crawling /afs,NaN,NaN
16.08.03.5.3,50,Crawling /afs,NaN,NaN
16.08.03.5.4,50,Crawling /afs,NaN,NaN
16.08.03.6.1,50,Crawling /afs,NaN,NaN
16.08.03.6.2,50,Crawling /afs,NaN,NaN
16.08.03.6.3,50,Crawling /afs,NaN,NaN
16.08.03.6.4,50,Crawling /afs,NaN,NaN
16.08.03.7.1,50,Crawling /afs,NaN,NaN
16.08.03.7.2,50,Crawling /afs,NaN,NaN
16.08.03.7.3,50,Crawling /afs,NaN,NaN
16.08.03.7.4,50,Crawling /afs,NaN,NaN
16.08.03.7.5,50,Crawling /afs,NaN,NaN
16.08.03.8.1,50,Crawling /afs,NaN,NaN
16.08.03.8.2,50,Crawling /afs,NaN,NaN
16.08.03.8.3,50,Crawling /afs,NaN,NaN
16.08.03.8.4,50,Crawling /afs,NaN,NaN
16.08.03.8.5,50,Crawling /afs,NaN,NaN
16.08.03.9.1,50,Crawling /afs,NaN,NaN
16.08.03.9.2,50,Crawling /afs,NaN,NaN
16.08.03.9.3,50,Crawling /afs,NaN,NaN
16.08.03.9.4,50,Crawling /afs,NaN,NaN
16.08.05.1.1,50,Crawling /afs,NaN,NaN
16.08.05.1.2,50,Crawling /afs,NaN,NaN
16.08.05.1.3,50,Crawling /afs,NaN,NaN
16.08.05.1.4,50,Crawling /afs,NaN,NaN
16.08.08.1.1,50,Crawling /afs,NaN,NaN
16.08.08.1.2,50,Crawling /afs,NaN,NaN
16.08.08.1.3,50,Crawling /afs,NaN,NaN
16.08.08.2.1,50,Crawling /afs,NaN,NaN
16.08.08.2.2,50,Crawling /afs,NaN,NaN
16.08.08.2.3,50,Crawling /afs,NaN,NaN
16.08.08.3.1,50,Crawling /afs,NaN,NaN
16.08.08.3.2,50,Crawling /afs,NaN,NaN
16.08.08.3.3,50,Crawling /afs,NaN,NaN
16.08.08.4.1,50,Crawling /afs,NaN,NaN
16.08.08.4.2,50,Crawling /afs,NaN,NaN
16.08.08.4.3,50,Crawling /afs,NaN,NaN
16.08.08.4.4,50,Crawling /afs,NaN,NaN
16.08.08.4.5,50,Crawling /afs,NaN,NaN
16.08.08.5.1,50,Crawling /afs,NaN,NaN
16.08.08.5.2,50,Crawling /afs,NaN,NaN
16.08.08.5.3,50,Crawling /afs,NaN,NaN
16.08.08.5.4,50,Crawling /afs,NaN,NaN
16.08.08.6.1,50,Crawling /afs,NaN,NaN
16.08.08.6.2,50,Crawling /afs,NaN,NaN
16.08.08.6.3,50,Crawling /afs,NaN,NaN
16.08.08.6.4,50,Crawling /afs,NaN,NaN
16.08.08.7.1,50,Crawling /afs,NaN,NaN
16.08.08.7.2,50,Crawling /afs,NaN,NaN
16.08.08.7.3,50,Crawling /afs,NaN,NaN
16.08.08.7.4,50,Crawling /afs,NaN,NaN
16.08.08.8.1,50,Crawling /afs,NaN,NaN
16.08.08.8.2,50,Crawling /afs,NaN,NaN
16.08.08.8.3,50,Crawling /afs,NaN,NaN
16.08.09.1.1,50,Crawling /afs,NaN,NaN
16.08.09.1.2,50,Crawling /afs,NaN,NaN
16.08.09.1.3,50,Crawling /afs,NaN,NaN
16.08.09.1.4,50,Crawling /afs,NaN,NaN
16.08.09.1.5,50,Crawling /afs,NaN,NaN
16.08.09.2.1,50,Crawling /afs,NaN,NaN
16.08.09.2.2,50,Crawling /afs,NaN,NaN
16.08.09.2.3,50,Crawling /afs,NaN,NaN
16.08.09.2.4,50,Crawling /afs,NaN,NaN
16.08.09.3.1,50,Crawling /afs,NaN,NaN
16.08.09.3.2,50,Crawling /afs,NaN,NaN
16.08.09.3.3,50,Crawling /afs,NaN,NaN
16.08.09.3.4,50,Crawling /afs,NaN,NaN
16.08.09.3.5,50,Crawling /afs,NaN,NaN
16.08.19.1.1,100,Crawling /afs,NaN,NaN
16.08.19.1.2,100,Crawling /afs,NaN,NaN
16.08.19.1.3,100,Crawling /afs,NaN,NaN
16.08.19.2.1,100,Crawling /afs,NaN,NaN
16.08.19.2.2,100,Crawling /afs,NaN,NaN
16.08.19.2.3,100,Crawling /afs,NaN,NaN
16.08.19.2.4,100,Crawling /afs,NaN,NaN
16.08.20.1.1,72,Crawling /afs,NaN,NaN
16.08.20.1.2,72,Crawling /afs,NaN,NaN
16.08.20.1.3,72,Crawling /afs,NaN,NaN
16.08.20.2.1,72,Crawling /afs,NaN,NaN
16.08.20.2.2,72,Crawling /afs,NaN,NaN
16.08.20.2.3,72,Crawling /afs,NaN,NaN
16.08.20.3.1,72,Crawling /afs,NaN,NaN
16.08.20.3.2,72,Crawling /afs,NaN,NaN
16.08.20.4.1,72,Crawling /afs,NaN,NaN
16.08.20.4.2,72,Crawling /afs,NaN,NaN
16.08.20.4.3,72,Crawling /afs,NaN,NaN
16.08.20.4.4,72,Crawling /afs,NaN,NaN
16.08.20.5.1,72,Crawling /afs,NaN,NaN
16.08.20.5.2,72,Crawling /afs,NaN,NaN
16.08.20.5.3,72,Crawling /afs,NaN,NaN
16.08.20.5.4,72,Crawling /afs,NaN,NaN
16.08.23.1.1,72,Crawling /afs,NaN,NaN
16.08.23.1.2,72,Crawling /afs,NaN,NaN
16.08.23.1.3,72,Crawling /afs,NaN,NaN
16.08.23.1.4,72,Crawling /afs,NaN,NaN
16.08.23.2.1,72,Crawling /afs,NaN,NaN
16.08.23.2.2,72,Crawling /afs,NaN,NaN
16.08.23.2.3,72,Crawling /afs,NaN,NaN
16.08.23.2.4,72,Crawling /afs,NaN,NaN
16.08.23.3.1,72,Crawling /afs,NaN,NaN
16.08.23.3.2,72,Crawling /afs,NaN,NaN
16.08.23.4.1,72,Crawling /afs,NaN,NaN
16.08.23.4.2,72,Crawling /afs,NaN,NaN
16.08.23.4.3,72,Crawling /afs,NaN,NaN
16.08.23.5.1,72,Crawling /afs,NaN,NaN
16.08.23.5.2,72,Crawling /afs,NaN,NaN
16.08.23.5.3,72,Crawling /afs,NaN,NaN
16.08.23.5.4,72,Crawling /afs,NaN,NaN
16.08.23.5.5,72,Crawling /afs,NaN,NaN
16.08.23.6.1,72,Crawling /afs,NaN,NaN
16.08.23.6.2,72,Crawling /afs,NaN,NaN
16.08.23.6.3,72,Crawling /afs,NaN,NaN
16.08.23.6.4,72,Crawling /afs,NaN,NaN
16.08.23.7.1,72,Crawling /afs,NaN,NaN
16.08.23.7.2,72,Crawling /afs,NaN,NaN
16.08.23.7.3,72,Crawling /afs,NaN,NaN
16.08.23.8.1,72,Crawling /afs,NaN,NaN
16.08.23.8.2,72,Crawling /afs,NaN,NaN
16.08.23.8.3,72,Crawling /afs,NaN,NaN
16.08.23.8.4,72,Crawling /afs,NaN,NaN
16.09.09.1.1,50,Crawling /afs,NaN,NaN
16.09.09.1.2,50,Crawling /afs,NaN,NaN
16.09.09.1.3,50,Crawling /afs,NaN,NaN
16.09.09.1.4,50,Crawling /afs,NaN,NaN
16.09.09.2.1,50,Crawling /afs,NaN,NaN
16.09.09.2.2,50,Crawling /afs,NaN,NaN
16.09.09.3.1,50,Crawling /afs,NaN,NaN
16.09.09.3.2,50,Crawling /afs,NaN,NaN
16.09.09.3.3,50,Crawling /afs,NaN,NaN
16.09.09.3.4,50,Crawling /afs,NaN,NaN
16.09.09.3.5,50,Crawling /afs,NaN,NaN
16.09.09.4.1,50,Crawling /afs,NaN,NaN
16.09.09.4.2,50,Crawling /afs,NaN,NaN
16.09.09.4.3,50,Crawling /afs,NaN,NaN
16.09.09.4.4,50,Crawling /afs,NaN,NaN
16.09.09.4.5,50,Crawling /afs,NaN,NaN
16.09.09.4.6,50,Crawling /afs,NaN,NaN
16.09.09.5.1,50,Crawling /afs,NaN,NaN
16.09.15.1.1,50,Crawling /afs,NaN,NaN
16.09.15.1.2,50,Crawling /afs,NaN,NaN
16.09.15.1.3,50,Crawling /afs,NaN,NaN
16.09.15.1.4,50,Crawling /afs,NaN,NaN
16.09.15.1.5,50,Crawling /afs,NaN,NaN
16.09.15.2.1,50,Crawling /afs,NaN,NaN
16.09.15.2.2,50,Crawling /afs,NaN,NaN
16.09.15.2.3,50,Crawling /afs,NaN,NaN
16.09.15.2.4,50,Crawling /afs,NaN,NaN
16.09.15.2.5,50,Crawling /afs,NaN,NaN
16.09.26.1.1,50,Crawling /afs,NaN,NaN
16.09.26.1.2,50,Crawling /afs,NaN,NaN
16.09.26.1.3,50,Crawling /afs,NaN,NaN
16.09.26.1.4,50,Crawling /afs,NaN,NaN
16.09.26.1.5,50,Crawling /afs,NaN,NaN
16.09.26.2.1,50,Crawling /afs,NaN,NaN
16.09.26.2.2,50,Crawling /afs,NaN,NaN
16.09.26.2.3,50,Crawling /afs,NaN,NaN
16.09.26.2.4,50,Crawling /afs,NaN,NaN
16.09.26.2.5,50,Crawling /afs,NaN,NaN
16.09.26.3.1,50,Crawling /afs,NaN,NaN
16.09.26.3.2,50,Crawling /afs,NaN,NaN
16.09.26.3.3,50,Crawling /afs,NaN,NaN
16.09.26.4.1,50,Crawling /afs,NaN,NaN
16.09.26.4.2,50,Crawling /afs,NaN,NaN
16.09.26.4.3,50,Crawling /afs,NaN,NaN
16.09.26.4.4,50,Crawling /afs,NaN,NaN
16.09.26.4.5,50,Crawling /afs,NaN,NaN
16.09.26.4.6,50,Crawling /afs,NaN,NaN
16.09.26.5.1,50,Crawling /afs,NaN,NaN
16.09.26.5.2,50,Crawling /afs,NaN,NaN
16.09.26.5.3,50,Crawling /afs,NaN,NaN
16.09.26.5.4,50,Crawling /afs,NaN,NaN
16.09.26.5.5,50,Crawling /afs,NaN,NaN
16.09.26.6.1,50,Crawling /afs,NaN,NaN
16.09.26.6.2,50,Crawling /afs,NaN,NaN
16.09.26.6.3,50,Crawling /afs,NaN,NaN
16.09.26.6.4,50,Crawling /afs,NaN,NaN
16.09.28.1.1,50,Crawling /afs,NaN,NaN
16.09.28.1.2,50,Crawling /afs,NaN,NaN
16.09.28.1.3,50,Crawling /afs,NaN,NaN
16.09.28.1.4,50,Crawling /afs,NaN,NaN
16.09.28.1.5,50,Crawling /afs,NaN,NaN
16.09.28.2.1,50,Crawling /afs,NaN,NaN
16.09.28.2.2,50,Crawling /afs,NaN,NaN
16.09.28.2.3,50,Crawling /afs,NaN,NaN
16.09.28.2.4,50,Crawling /afs,NaN,NaN
16.09.28.3.1,50,Crawling /afs,NaN,NaN
16.09.28.3.2,50,Crawling /afs,NaN,NaN
16.09.28.3.3,50,Crawling /afs,NaN,NaN
16.09.28.4.1,50,Crawling /afs,NaN,NaN
16.09.28.4.2,50,Crawling /afs,NaN,NaN
16.09.28.4.3,50,Crawling /afs,NaN,NaN
16.09.28.4.4,50,Crawling /afs,NaN,NaN
16.09.28.4.5,50,Crawling /afs,NaN,NaN
16.09.28.5.1,50,Crawling /afs,NaN,NaN
16.09.28.5.2,50,Crawling /afs,NaN,NaN
16.09.28.5.3,50,Crawling /afs,NaN,NaN
16.09.28.5.4,50,Crawling /afs,NaN,NaN
16.09.28.6.1,50,Crawling /afs,NaN,NaN
16.09.28.6.2,50,Crawling /afs,NaN,NaN
16.09.28.6.3,50,Crawling /afs,NaN,NaN
16.09.28.6.4,50,Crawling /afs,NaN,NaN
16.09.30.1.1,50,Crawling /afs,NaN,NaN
16.09.30.1.2,50,Crawling /afs,NaN,NaN
16.09.30.1.3,50,Crawling /afs,NaN,NaN
16.09.30.1.4,50,Crawling /afs,NaN,NaN
16.09.30.1.5,50,Crawling /afs,NaN,NaN
16.09.30.1.6,50,Crawling /afs,NaN,NaN
16.10.04.1.1,50,Crawling /afs,NaN,NaN
16.10.04.1.2,50,Crawling /afs,NaN,NaN
16.10.04.1.3,50,Crawling /afs,NaN,NaN
16.10.04.1.4,50,Crawling /afs,NaN,NaN
16.10.11.1.1,50,Crawling /afs,NaN,NaN
16.10.11.1.2,50,Crawling /afs,NaN,NaN
16.10.11.1.3,50,Crawling /afs,NaN,NaN
16.10.11.1.4,50,Crawling /afs,NaN,NaN
16.10.11.2.1,50,Crawling /afs,NaN,NaN
16.10.11.2.2,50,Crawling /afs,NaN,NaN
16.10.11.2.3,50,Crawling /afs,NaN,NaN
16.10.11.2.4,50,Crawling /afs,NaN,NaN
16.10.11.2.5,50,Crawling /afs,NaN,NaN
16.10.11.3.1,50,Crawling /afs,NaN,NaN
16.10.11.3.2,50,Crawling /afs,NaN,NaN
16.10.11.3.3,50,Crawling /afs,NaN,NaN
16.10.11.3.4,50,Crawling /afs,NaN,NaN
16.10.11.3.5,50,Crawling /afs,NaN,NaN
16.10.11.4.1,50,Crawling /afs,NaN,NaN
16.10.11.4.2,50,Crawling /afs,NaN,NaN
16.10.11.4.3,50,Crawling /afs,NaN,NaN
16.10.11.5.1,50,Crawling /afs,NaN,NaN
16.10.11.5.2,50,Crawling /afs,NaN,NaN
16.10.11.5.3,50,Crawling /afs,NaN,NaN
16.10.11.5.4,50,Crawling /afs,NaN,NaN
16.10.11.6.1,50,Crawling /afs,NaN,NaN
16.10.11.6.2,50,Crawling /afs,NaN,NaN
16.10.11.6.3,50,Crawling /afs,NaN,NaN
16.10.11.6.4,50,Crawling /afs,NaN,NaN
16.10.11.7.1,50,Crawling /afs,NaN,NaN
16.10.11.7.2,50,Crawling /afs,NaN,NaN
16.10.11.7.3,50,Crawling /afs,NaN,NaN
16.10.11.7.4,50,Crawling /afs,NaN,NaN
16.10.11.8.1,50,Crawling /afs,NaN,NaN
16.10.11.8.2,50,Crawling /afs,NaN,NaN
16.10.11.8.3,50,Crawling /afs,NaN,NaN
16.10.11.8.4,50,Crawling /afs,NaN,NaN
16.10.12.1.1,50,Crawling /afs,NaN,NaN
16.10.12.1.2,50,Crawling /afs,NaN,NaN
16.10.12.1.3,50,Crawling /afs,NaN,NaN
16.10.12.1.4,50,Crawling /afs,NaN,NaN
16.10.12.2.1,50,Crawling /afs,NaN,NaN
16.10.12.2.2,50,Crawling /afs,NaN,NaN
16.10.12.2.3,50,Crawling /afs,NaN,NaN
16.10.12.2.4,50,Crawling /afs,NaN,NaN
16.10.12.2.5,50,Crawling /afs,NaN,NaN
16.10.12.2.6,50,Crawling /afs,NaN,NaN
16.10.12.3.1,50,Crawling /afs,NaN,NaN
16.10.12.3.2,50,Crawling /afs,NaN,NaN
16.10.12.3.3,50,Crawling /afs,NaN,NaN
16.10.12.3.4,50,Crawling /afs,NaN,NaN
16.10.12.3.5,50,Crawling /afs,NaN,NaN
16.10.12.4.1,50,Crawling /afs,NaN,NaN
16.10.12.4.2,50,Crawling /afs,NaN,NaN
16.10.12.4.3,50,Crawling /afs,NaN,NaN
16.10.12.4.4,50,Crawling /afs,NaN,NaN
16.10.28.1.1,50,Crawling /afs,NaN,NaN
16.10.28.1.2,50,Crawling /afs,NaN,NaN
16.10.28.1.3,50,Crawling /afs,NaN,NaN
16.10.28.1.4,50,Crawling /afs,NaN,NaN
16.10.28.2.1,50,Crawling /afs,NaN,NaN
16.10.28.2.2,50,Crawling /afs,NaN,NaN
16.10.28.2.3,50,Crawling /afs,NaN,NaN
16.10.28.2.4,50,Crawling /afs,NaN,NaN
16.10.28.2.5,50,Crawling /afs,NaN,NaN
16.10.30.1.1,50,Crawling /afs,NaN,NaN
16.10.30.1.2,50,Crawling /afs,NaN,NaN
16.10.30.2.1,50,Crawling /afs,NaN,NaN
16.10.30.2.2,50,Crawling /afs,NaN,NaN
16.10.30.2.3,50,Crawling /afs,NaN,NaN
16.10.30.2.4,50,Crawling /afs,NaN,NaN
16.10.30.2.5,50,Crawling /afs,NaN,NaN
16.10.31.1.1,50,Crawling /afs,NaN,NaN
16.10.31.1.2,50,Crawling /afs,NaN,NaN
16.10.31.1.3,50,Crawling /afs,NaN,NaN
16.10.31.1.4,50,Crawling /afs,NaN,NaN
16.10.31.2.1,50,Crawling /afs,NaN,NaN
16.10.31.2.2,50,Crawling /afs,NaN,NaN
16.10.31.2.3,50,Crawling /afs,NaN,NaN
16.10.31.3.1,50,Crawling /afs,NaN,NaN
16.10.31.3.2,50,Crawling /afs,NaN,NaN
16.10.31.3.3,50,Crawling /afs,NaN,NaN
16.10.31.3.4,50,Crawling /afs,NaN,NaN
16.10.31.4.1,50,Crawling /afs,NaN,NaN
16.10.31.4.2,50,Crawling /afs,NaN,NaN
16.10.31.4.3,50,Crawling /afs,NaN,NaN
16.10.31.4.4,50,Crawling /afs,NaN,NaN
16.10.31.4.5,50,Crawling /afs,NaN,NaN
16.10.31.5.1,50,Crawling /afs,NaN,NaN
16.10.31.5.2,50,Crawling /afs,NaN,NaN
16.10.31.5.3,50,Crawling /afs,NaN,NaN
16.10.31.5.4,50,Crawling /afs,NaN,NaN
16.10.31.5.5,50,Crawling /afs,NaN,NaN
16.11.01.1.1,50,Crawling /afs,NaN,NaN
16.11.01.1.2,50,Crawling /afs,NaN,NaN
16.11.01.1.3,50,Crawling /afs,NaN,NaN
16.11.01.1.4,50,Crawling /afs,NaN,NaN
16.11.01.1.5,50,Crawling /afs,NaN,NaN
16.11.01.2.1,50,Crawling /afs,NaN,NaN
16.11.01.2.2,50,Crawling /afs,NaN,NaN
16.11.01.2.3,50,Crawling /afs,NaN,NaN
16.11.01.2.4,50,Crawling /afs,NaN,NaN
16.11.01.2.5,50,Crawling /afs,NaN,NaN
16.11.01.2.6,50,Crawling /afs,NaN,NaN
16.11.01.3.1,50,Crawling /afs,NaN,NaN
16.11.01.3.2,50,Crawling /afs,NaN,NaN
16.11.01.3.3,50,Crawling /afs,NaN,NaN
16.11.01.3.4,50,Crawling /afs,NaN,NaN
16.11.03.1.1,50,Crawling /afs,NaN,NaN
16.11.03.1.2,50,Crawling /afs,NaN,NaN
16.11.03.1.3,50,Crawling /afs,NaN,NaN
16.11.03.1.4,50,Crawling /afs,NaN,NaN
16.11.03.1.5,50,Crawling /afs,NaN,NaN
16.11.03.2.1,50,Crawling /afs,NaN,NaN
16.11.03.2.2,50,Crawling /afs,NaN,NaN
16.11.03.2.3,50,Crawling /afs,NaN,NaN
16.11.03.2.4,50,Crawling /afs,NaN,NaN
16.11.03.2.5,50,Crawling /afs,NaN,NaN
16.11.03.3.1,50,Crawling /afs,NaN,NaN
16.11.03.3.2,50,Crawling /afs,NaN,NaN
16.11.03.3.3,50,Crawling /afs,NaN,NaN
16.11.03.3.4,50,Crawling /afs,NaN,NaN
16.11.03.3.5,50,Crawling /afs,NaN,NaN
16.11.03.3.6,50,Crawling /afs,NaN,NaN
16.11.03.4.1,50,Crawling /afs,NaN,NaN
16.11.03.4.2,50,Crawling /afs,NaN,NaN
16.11.03.4.3,50,Crawling /afs,NaN,NaN
16.11.03.4.4,50,Crawling /afs,NaN,NaN
16.11.03.4.5,50,Crawling /afs,NaN,NaN
16.11.03.5.1,50,Crawling /afs,NaN,NaN
16.11.03.5.2,50,Crawling /afs,NaN,NaN
16.11.03.5.3,50,Crawling /afs,NaN,NaN
16.11.03.5.4,50,Crawling /afs,NaN,NaN
16.11.03.5.5,50,Crawling /afs,NaN,NaN
16.11.03.5.6,50,Crawling /afs,NaN,NaN
16.11.03.6.1,50,Crawling /afs,NaN,NaN
16.11.03.6.2,50,Crawling /afs,NaN,NaN
16.11.03.6.3,50,Crawling /afs,NaN,NaN
16.11.03.6.4,50,Crawling /afs,NaN,NaN
16.11.03.6.5,50,Crawling /afs,NaN,NaN
16.11.03.7.1,50,Crawling /afs,NaN,NaN
16.11.03.7.2,50,Crawling /afs,NaN,NaN
16.11.03.7.3,50,Crawling /afs,NaN,NaN
16.11.03.7.4,50,Crawling /afs,NaN,NaN
16.11.03.7.5,50,Crawling /afs,NaN,NaN
16.11.04.1.1,50,Crawling /afs,NaN,NaN
16.11.04.1.2,50,Crawling /afs,NaN,NaN
16.11.04.1.3,50,Crawling /afs,NaN,NaN
16.11.04.1.4,50,Crawling /afs,NaN,NaN
16.11.04.2.1,50,Crawling /afs,NaN,NaN
16.11.04.2.2,50,Crawling /afs,NaN,NaN
16.11.04.2.3,50,Crawling /afs,NaN,NaN
16.11.04.2.4,50,Crawling /afs,NaN,NaN
16.11.04.2.5,50,Crawling /afs,NaN,NaN
17.02.13.1.1,60,Crawling /afs,NaN,NaN
17.02.13.1.2,60,Crawling /afs,NaN,NaN
17.02.13.1.3,60,Crawling /afs,NaN,NaN
17.02.13.1.4,60,Crawling /afs,NaN,NaN
17.02.13.1.5,60,Crawling /afs,NaN,NaN
17.02.13.2.1,60,Crawling /afs,NaN,NaN
17.02.13.2.2,60,Crawling /afs,NaN,NaN
17.02.13.2.3,60,Crawling /afs,NaN,NaN
17.02.13.2.4,60,Crawling /afs,NaN,NaN
17.02.13.3.1,60,Crawling /afs,NaN,NaN
17.02.13.3.2,60,Crawling /afs,NaN,NaN
17.02.13.3.3,60,Crawling /afs,NaN,NaN
17.02.13.3.4,60,Crawling /afs,NaN,NaN
17.02.13.3.5,60,Crawling /afs,NaN,NaN
17.02.13.3.6,60,Crawling /afs,NaN,NaN
17.02.13.4.1,60,Crawling /afs,NaN,NaN
17.02.13.4.2,60,Crawling /afs,NaN,NaN
17.02.13.4.3,60,Crawling /afs,NaN,NaN
17.02.13.4.4,60,Crawling /afs,NaN,NaN
17.02.13.4.5,60,Crawling /afs,NaN,NaN
17.02.13.5.1,60,Crawling /afs,NaN,NaN
17.02.13.5.2,60,Crawling /afs,NaN,NaN
17.02.13.5.3,60,Crawling /afs,NaN,NaN
17.02.13.5.4,60,Crawling /afs,NaN,NaN
17.02.13.5.5,60,Crawling /afs,NaN,NaN
17.02.13.5.6,60,Crawling /afs,NaN,NaN
17.02.28.1.1,60,Crawling /afs,NaN,NaN
17.02.28.1.2,60,Crawling /afs,NaN,NaN
17.02.28.1.3,60,Crawling /afs,NaN,NaN
17.02.28.1.4,60,Crawling /afs,NaN,NaN
17.02.28.1.5,60,Crawling /afs,NaN,NaN
17.03.30.1.1,50,Crawling /afs,NaN,NaN
17.03.30.1.2,50,Crawling /afs,NaN,NaN
17.03.30.1.3,50,Crawling /afs,NaN,NaN
17.03.30.2.1,50,Crawling /afs,NaN,NaN
17.03.30.2.2,50,Crawling /afs,NaN,NaN
17.03.30.2.3,50,Crawling /afs,NaN,NaN
17.03.30.3.1,50,Crawling /afs,NaN,NaN
17.03.30.3.2,50,Crawling /afs,NaN,NaN
17.03.30.4.1,50,Crawling /afs,NaN,NaN
17.03.30.4.2,50,Crawling /afs,NaN,NaN
17.03.30.4.3,50,Crawling /afs,NaN,NaN
17.03.30.5.1,50,Crawling /afs,NaN,NaN
17.03.30.5.2,50,Crawling /afs,NaN,NaN
17.03.30.5.3,50,Crawling /afs,NaN,NaN
17.03.30.5.4,50,Crawling /afs,NaN,NaN
17.09.25.1.1,50,Crawling /afs,NaN,NaN
17.09.25.1.2,50,Crawling /afs,NaN,NaN
17.09.25.1.3,50,Crawling /afs,NaN,NaN
17.09.25.2.1,50,Crawling /afs,NaN,NaN
17.09.25.2.2,50,Crawling /afs,NaN,NaN
17.09.25.2.3,50,Crawling /afs,NaN,NaN
17.09.25.2.4,50,Crawling /afs,NaN,NaN
17.09.25.3.1,50,Crawling /afs,NaN,NaN
17.09.25.3.2,50,Crawling /afs,NaN,NaN
17.09.25.3.3,50,Crawling /afs,NaN,NaN
17.09.25.3.4,50,Crawling /afs,NaN,NaN
17.09.25.4.1,50,Crawling /afs,NaN,NaN
17.09.25.4.10,50,Crawling /afs,NaN,NaN
17.09.25.4.11,50,Crawling /afs,NaN,NaN
17.09.25.4.12,50,Crawling /afs,NaN,NaN
17.09.25.4.2,50,Crawling /afs,NaN,NaN
17.09.25.4.3,50,Crawling /afs,NaN,NaN
17.09.25.4.4,50,Crawling /afs,NaN,NaN
17.09.25.4.5,50,Crawling /afs,NaN,NaN
17.09.25.4.6,50,Crawling /afs,NaN,NaN
17.09.25.4.7,50,Crawling /afs,NaN,NaN
17.09.25.4.8,50,Crawling /afs,NaN,NaN
17.09.25.4.9,50,Crawling /afs,NaN,NaN
17.09.25.5.1,50,Crawling /afs,NaN,NaN
17.09.25.5.2,50,Crawling /afs,NaN,NaN
17.09.25.5.3,50,Crawling /afs,NaN,NaN
17.09.25.5.4,50,Crawling /afs,NaN,NaN
17.09.25.5.5,50,Crawling /afs,NaN,NaN
17.09.25.5.6,50,Crawling /afs,NaN,NaN
17.09.26.1.1,50,Crawling /afs,NaN,NaN
17.09.26.1.2,50,Crawling /afs,NaN,NaN
17.09.26.1.3,50,Crawling /afs,NaN,NaN
17.09.26.1.4,50,Crawling /afs,NaN,NaN
17.09.26.2.1,50,Crawling /afs,NaN,NaN
17.09.26.2.2,50,Crawling /afs,NaN,NaN
17.09.26.2.3,50,Crawling /afs,NaN,NaN
17.09.26.2.4,50,Crawling /afs,NaN,NaN
17.09.26.3.1,50,Crawling /afs,NaN,NaN
17.09.26.3.2,50,Crawling /afs,NaN,NaN
17.09.26.3.3,50,Crawling /afs,NaN,NaN
17.09.26.3.4,50,Crawling /afs,NaN,NaN
17.09.26.4.1,50,Crawling /afs,NaN,NaN
17.09.26.4.2,50,Crawling /afs,NaN,NaN
17.09.26.4.3,50,Crawling /afs,NaN,NaN
17.09.26.4.4,50,Crawling /afs,NaN,NaN
17.09.26.4.5,50,Crawling /afs,NaN,NaN
17.09.26.4.6,50,Crawling /afs,NaN,NaN
17.09.26.4.7,50,Crawling /afs,NaN,NaN
17.09.26.4.8,50,Crawling /afs,NaN,NaN
17.09.26.5.1,50,Crawling /afs,NaN,NaN
17.09.26.5.2,50,Crawling /afs,NaN,NaN
17.09.26.5.3,50,Crawling /afs,NaN,NaN
17.09.26.5.4,50,Crawling /afs,NaN,NaN
17.10.11.1.1,50,Crawling /afs,NaN,NaN
17.10.11.1.2,50,Crawling /afs,NaN,NaN
17.10.11.1.3,50,Crawling /afs,NaN,NaN
17.10.11.1.4,50,Crawling /afs,NaN,NaN
17.10.11.2.1,50,Crawling /afs,NaN,NaN
17.10.11.2.2,50,Crawling /afs,NaN,NaN
17.10.11.2.3,50,Crawling /afs,NaN,NaN
17.10.11.2.4,50,Crawling /afs,NaN,NaN
17.10.11.3.1,50,Crawling /afs,NaN,NaN
17.10.11.3.2,50,Crawling /afs,NaN,NaN
17.10.11.3.3,50,Crawling /afs,NaN,NaN
17.10.11.3.4,50,Crawling /afs,NaN,NaN
17.10.11.3.5,50,Crawling /afs,NaN,NaN
17.10.11.3.6,50,Crawling /afs,NaN,NaN
17.10.11.3.7,50,Crawling /afs,NaN,NaN
17.10.11.3.8,50,Crawling /afs,NaN,NaN
17.10.11.4.1,50,Crawling /afs,NaN,NaN
17.10.11.4.2,50,Crawling /afs,NaN,NaN
17.10.11.4.3,50,Crawling /afs,NaN,NaN
17.10.11.4.4,50,Crawling /afs,NaN,NaN
17.10.11.4.5,50,Crawling /afs,NaN,NaN
17.10.11.4.6,50,Crawling /afs,NaN,NaN
17.10.11.4.7,50,Crawling /afs,NaN,NaN
17.10.11.4.8,50,Crawling /afs,NaN,NaN
17.10.11.5.1,50,Crawling /afs,NaN,NaN
17.10.11.5.10,50,Crawling /afs,NaN,NaN
17.10.11.5.11,50,Crawling /afs,NaN,NaN
17.10.11.5.2,50,Crawling /afs,NaN,NaN
17.10.11.5.3,50,Crawling /afs,NaN,NaN
17.10.11.5.4,50,Crawling /afs,NaN,NaN
17.10.11.5.5,50,Crawling /afs,NaN,NaN
17.10.11.5.6,50,Crawling /afs,NaN,NaN
17.10.11.5.7,50,Crawling /afs,NaN,NaN
17.10.11.5.8,50,Crawling /afs,NaN,NaN
17.10.11.5.9,50,Crawling /afs,NaN,NaN
17.10.17.1.1,50,Crawling /afs,NaN,NaN
17.10.17.2.1,50,Crawling /afs,NaN,NaN
17.10.17.2.2,50,Crawling /afs,NaN,NaN
17.10.23.1.1,NaN,Crawling /afs,NaN,NaN
17.10.31.1.1,50,Crawling /afs,NaN,NaN
17.10.31.1.2,50,Crawling /afs,NaN,NaN
17.10.31.1.3,50,Crawling /afs,NaN,NaN
17.10.31.1.4,50,Crawling /afs,NaN,NaN
17.10.31.2.1,50,Crawling /afs,NaN,NaN
17.10.31.2.10,50,Crawling /afs,NaN,NaN
17.10.31.2.11,50,Crawling /afs,NaN,NaN
17.10.31.2.12,50,Crawling /afs,NaN,NaN
17.10.31.2.13,50,Crawling /afs,NaN,NaN
17.10.31.2.14,50,Crawling /afs,NaN,NaN
17.10.31.2.15,50,Crawling /afs,NaN,NaN
17.10.31.2.16,50,Crawling /afs,NaN,NaN
17.10.31.2.2,50,Crawling /afs,NaN,NaN
17.10.31.2.3,50,Crawling /afs,NaN,NaN
17.10.31.2.4,50,Crawling /afs,NaN,NaN
17.10.31.2.5,50,Crawling /afs,NaN,NaN
17.10.31.2.6,50,Crawling /afs,NaN,NaN
17.10.31.2.7,50,Crawling /afs,NaN,NaN
17.10.31.2.8,50,Crawling /afs,NaN,NaN
17.10.31.2.9,50,Crawling /afs,NaN,NaN
17.10.31.3.1,50,Crawling /afs,NaN,NaN
17.10.31.3.2,50,Crawling /afs,NaN,NaN
17.10.31.3.3,50,Crawling /afs,NaN,NaN
17.11.1.1.1,50,Crawling /afs,NaN,NaN
17.11.1.1.2,50,Crawling /afs,NaN,NaN
17.11.1.1.3,50,Crawling /afs,NaN,NaN
17.11.1.1.4,50,Crawling /afs,NaN,NaN
17.11.1.2.1,50,Crawling /afs,NaN,NaN
17.11.1.2.10,50,Crawling /afs,NaN,NaN
17.11.1.2.11,50,Crawling /afs,NaN,NaN
17.11.1.2.12,50,Crawling /afs,NaN,NaN
17.11.1.2.2,50,Crawling /afs,NaN,NaN
17.11.1.2.3,50,Crawling /afs,NaN,NaN
17.11.1.2.4,50,Crawling /afs,NaN,NaN
17.11.1.2.5,50,Crawling /afs,NaN,NaN
17.11.1.2.6,50,Crawling /afs,NaN,NaN
17.11.1.2.7,50,Crawling /afs,NaN,NaN
17.11.1.2.8,50,Crawling /afs,NaN,NaN
17.11.1.2.9,50,Crawling /afs,NaN,NaN
17.11.1.3.1,50,Crawling /afs,NaN,NaN
17.11.1.3.10,50,Crawling /afs,NaN,NaN
17.11.1.3.11,50,Crawling /afs,NaN,NaN
17.11.1.3.12,50,Crawling /afs,NaN,NaN
17.11.1.3.2,50,Crawling /afs,NaN,NaN
17.11.1.3.3,50,Crawling /afs,NaN,NaN
17.11.1.3.4,50,Crawling /afs,NaN,NaN
17.11.1.3.5,50,Crawling /afs,NaN,NaN
17.11.1.3.6,50,Crawling /afs,NaN,NaN
17.11.1.3.7,50,Crawling /afs,NaN,NaN
17.11.1.3.8,50,Crawling /afs,NaN,NaN
17.11.1.3.9,50,Crawling /afs,NaN,NaN
2018_3_10 1346 x 2264 Day 8 Sample 1,50,Pavel manual entry (DS),8,NaN
2018_3_10 1346 x 2264 Day 8 Sample 10,50,Pavel manual entry (DS),8,NaN
2018_3_10 1346 x 2264 Day 8 Sample 11,50,Pavel manual entry (DS),8,NaN
2018_3_10 1346 x 2264 Day 8 Sample 12,50,Pavel manual entry (DS),8,NaN
2018_3_10 1346 x 2264 Day 8 Sample 13,50,Pavel manual entry (DS),8,NaN
2018_3_10 1346 x 2264 Day 8 Sample 15,50,Pavel manual entry (DS),8,NaN
2018_3_10 1346 x 2264 Day 8 Sample 2,50,Pavel manual entry (DS),8,NaN
2018_3_10 1346 x 2264 Day 8 Sample 3,50,Pavel manual entry (DS),8,NaN
2018_3_10 1346 x 2264 Day 8 Sample 4,50,Pavel manual entry (DS),8,NaN
2018_3_10 1346 x 2264 Day 8 Sample 5,50,Pavel manual entry (DS),8,NaN
2018_3_10 1346 x 2264 Day 8 Sample 6,50,Pavel manual entry (DS),8,NaN
2018_3_10 1346 x 2264 Day 8 Sample 7,50,Pavel manual entry (DS),8,NaN
2018_3_10 1346 x 2264 Day 8 Sample 8,50,Pavel manual entry (DS),8,NaN
2018_3_10 1346 x 2264 Day 8 Sample 9,50,Pavel manual entry (DS),8,NaN
2018_3_11_1346 x 2264 Day 5 sample 1,50,Pavel manual entry (DS),5,NaN
2018_3_11_1346 x 2264 Day 5 sample 10,50,Pavel manual entry (DS),5,NaN
2018_3_11_1346 x 2264 Day 5 sample 11,50,Pavel manual entry (DS),5,NaN
2018_3_11_1346 x 2264 Day 5 sample 12,50,Pavel manual entry (DS),5,NaN
2018_3_11_1346 x 2264 Day 5 sample 13,50,Pavel manual entry (DS),5,NaN
2018_3_11_1346 x 2264 Day 5 sample 14,50,Pavel manual entry (DS),5,NaN
2018_3_11_1346 x 2264 Day 5 sample 15,50,Pavel manual entry (DS),5,NaN
2018_3_11_1346 x 2264 Day 5 sample 2,50,Pavel manual entry (DS),5,NaN
2018_3_11_1346 x 2264 Day 5 sample 3,50,Pavel manual entry (DS),5,NaN
2018_3_11_1346 x 2264 Day 5 sample 4,50,Pavel manual entry (DS),5,NaN
2018_3_11_1346 x 2264 Day 5 sample 5,50,Pavel manual entry (DS),5,NaN
2018_3_11_1346 x 2264 Day 5 sample 6,50,Pavel manual entry (DS),5,NaN
2018_3_11_1346 x 2264 Day 5 sample 7,50,Pavel manual entry (DS),5,NaN
2018_3_11_1346 x 2264 Day 5 sample 8,50,Pavel manual entry (DS),5,NaN
2018_3_11_1346 x 2264 Day 5 sample 9,50,Pavel manual entry (DS),5,NaN
2018_3_7 1346 x 2264 Day 6 Sample 1,50,Pavel manual entry (DS),6,NaN
2018_3_7 1346 x 2264 Day 6 Sample 10,50,Pavel manual entry (DS),6,NaN
2018_3_7 1346 x 2264 Day 6 Sample 11,50,Pavel manual entry (DS),6,NaN
2018_3_7 1346 x 2264 Day 6 Sample 12,50,Pavel manual entry (DS),6,NaN
2018_3_7 1346 x 2264 Day 6 Sample 13,50,Pavel manual entry (DS),6,NaN
2018_3_7 1346 x 2264 Day 6 Sample 14,50,Pavel manual entry (DS),6,NaN
2018_3_7 1346 x 2264 Day 6 Sample 15,50,Pavel manual entry (DS),6,NaN
2018_3_7 1346 x 2264 Day 6 Sample 2,50,Pavel manual entry (DS),6,NaN
2018_3_7 1346 x 2264 Day 6 Sample 3,50,Pavel manual entry (DS),6,NaN
2018_3_7 1346 x 2264 Day 6 Sample 4,50,Pavel manual entry (DS),6,NaN
2018_3_7 1346 x 2264 Day 6 Sample 5,50,Pavel manual entry (DS),6,NaN
2018_3_7 1346 x 2264 Day 6 Sample 7,50,Pavel manual entry (DS),6,NaN
2018_3_7 1346 x 2264 Day 6 Sample 8,50,Pavel manual entry (DS),6,NaN
2018_3_7 1346 x 2264 Day 6 Sample 9,50,Pavel manual entry (DS),6,NaN
2018_3_8 1346 x 2264 Sample 1 Day 7,50,Pavel manual entry (DS),7,NaN
2018_3_8 1346 x 2264 Sample 10 Day 7,50,Pavel manual entry (DS),7,NaN
2018_3_8 1346 x 2264 Sample 2 Day 7,50,Pavel manual entry (DS),7,NaN
2018_3_8 1346 x 2264 Sample 3 Day 7,50,Pavel manual entry (DS),7,NaN
2018_3_8 1346 x 2264 Sample 4 Day 7,50,Pavel manual entry (DS),7,NaN
2018_3_8 1346 x 2264 Sample 5 Day 7,50,Pavel manual entry (DS),7,NaN
2018_3_8 1346 x 2264 Sample 6 Day 7,50,Pavel manual entry (DS),7,NaN
2018_3_8 1346 x 2264 Sample 7 Day 7,50,Pavel manual entry (DS),7,NaN
2018_3_8 1346 x 2264 Sample 8 Day 7,50,Pavel manual entry (DS),7,NaN
2018_3_8 1346 x 2264 Sample 9 Day 7,50,Pavel manual entry (DS),7,NaN
2018_3_28 1346 x 428 tkv-ca Sample 1 BR 2,50,Pavel manual entry (DS),NaN,NaN
2018_3_28 1346 x 428 tkv-ca Sample 2 BR 2,50,Pavel manual entry (DS),NaN,NaN
2018_3_28 1346 x 428 tkv-ca Sample 3 BR 2,50,Pavel manual entry (DS),NaN,NaN
2018_3_28 1346 x 428 tkv-ca Sample 4 BR 2,50,Pavel manual entry (DS),NaN,NaN
2018_3_28 1346 x 428 tkv-ca Sample 5 BR 2,50,Pavel manual entry (DS),NaN,NaN
2018_3_28 1346 x 428 tkv-ca Sample 6 BR 2,50,Pavel manual entry (DS),NaN,NaN
2018_3_28 1346 x 428 tkv-ca Sample 7 BR 2,50,Pavel manual entry (DS),NaN,NaN
2018_3_28 1346 x 428 tkv-ca Sample 8 BR 2,50,Pavel manual entry (DS),NaN,NaN
3_17_2018 1346 x 428 tkv-ca Sample 1,50,Pavel manual entry (DS),NaN,NaN
3_17_2018 1346 x 428 tkv-ca Sample 2,50,Pavel manual entry (DS),NaN,NaN
3_17_2018 1346 x 428 tkv-ca Sample 3,50,Pavel manual entry (DS),NaN,NaN
3_17_2018 1346 x 428 tkv-ca Sample 4,50,Pavel manual entry (DS),NaN,NaN
3_17_2018 1346 x 428 tkv-ca Sample 5,50,Pavel manual entry (DS),NaN,NaN
3_17_2018 1346 x 428 tkv-ca Sample 6,50,Pavel manual entry (DS),NaN,NaN
2018_3_28 1346 x 1714 PTEN RNAi Sample 1 BR 1,25,Pavel manual entry (DS),NaN,NaN
2018_3_28 1346 x 1714 PTEN RNAi Sample 2 BR 1,25,Pavel manual entry (DS),NaN,NaN
2018_3_28 1346 x 1714 PTEN RNAi Sample 1 BR 2,25,Pavel manual entry (DS),NaN,NaN
2018_3_28 1346 x 1714 PTEN RNAi Sample 2 BR 2,25,Pavel manual entry (DS),NaN,NaN
2018_3_28 1346 x 1714 PTEN RNAi Sample 1 BR 3,25,Pavel manual entry (DS),NaN,NaN
2018_3_28 1346 x 1714 PTEN RNAi Sample 2 BR 3,25,Pavel manual entry (DS),NaN,NaN
2018_4_2 1346 x 331 UAS CycE Sample 1,50,Pavel manual entry (DS),NaN,NaN
2018_4_2 1346 x 331 UAS CycE Sample 2,50,Pavel manual entry (DS),NaN,NaN
2018_4_2 1346 x 331 UAS CycE Sample 3,50,Pavel manual entry (DS),NaN,NaN
2018_4_2 1346 x 331 UAS CycE Sample 4,50,Pavel manual entry (DS),NaN,NaN
2018_4_2 1346 x 331 UAS CycE Sample 5,50,Pavel manual entry (DS),NaN,NaN
2018_4_2 1346 x 331 UAS CycE Sample 6,50,Pavel manual entry (DS),NaN,NaN
2018_4_7 1346 x 2060 Arm S10 set 1 s1,50,Pavel manual entry (DS),NaN,NaN
2018_4_7 1346 x 2060 Arm S10 set 1 s2,50,Pavel manual entry (DS),NaN,NaN
2018_4_7 1346 x 2060 Arm S10 set 1 s3,50,Pavel manual entry (DS),NaN,NaN
2018_4_7 1346 x 2060 Arm S10 set 1 s4,50,Pavel manual entry (DS),NaN,NaN
2018_4_7 1346 x 2060 Arm S10 set 2 s1,50,Pavel manual entry (DS),NaN,NaN
2018_4_7 1346 x 2060 Arm S10 set 2 s2,50,Pavel manual entry (DS),NaN,NaN
2018_4_7 1346 x 2060 Arm S10 set 2 s3,50,Pavel manual entry (DS),NaN,NaN
2018_4_7 1346 x 1308 Arm RNAi set 1 s1,50,Pavel manual entry (DS),NaN,NaN
2018_4_7 1346 x 1308 Arm RNAi set 1 s2,50,Pavel manual entry (DS),NaN,NaN
2018_4_7 1346 x 1308 Arm RNAi set 1 s3,50,Pavel manual entry (DS),NaN,NaN
2018_4_7 1346 x 1308 Arm RNAi set 2 s1,50,Pavel manual entry (DS),NaN,NaN
2018_4_7 1346 x 1308 Arm RNAi set 2 s2,50,Pavel manual entry (DS),NaN,NaN
2018_4_7 1346 x 1308 Arm RNAi set 2 s3,50,Pavel manual entry (DS),NaN,NaN
